<?xml version="1.0" encoding="UTF-8"?>
<!DOCTYPE mapper PUBLIC "-//mybatis.org//DTD Mapper 3.0//EN" "http://mybatis.org/dtd/mybatis-3-mapper.dtd" >
<mapper namespace="edu.kh.todo.mapper.TodoMapper">
	
	<!-- 아이디 중복 검사 -->
	<select id="idCheck">
		SELECT COUNT(*) 
		FROM TB_TODO_MEMBER 
		WHERE TODO_MEMBER_ID = #{todoMemberId}
	</select>
	
	<!-- 회원 가입 -->
	<insert id="signUp">
		INSERT INTO TB_TODO_MEMBER
		VALUES(
			SEQ_TODO_MEMBER_NO.NEXTVAL, 
			#{todoMemberId}, 
			#{todoMemberPw}, 
			#{todoMemberName})
	</insert>
	
	<!-- 로그인 -->
	<select id="login" resultType="TodoMember">
		SELECT * 
		FROM TB_TODO_MEMBER
		WHERE TODO_MEMBER_ID = #{todoMemberId}
		AND TODO_MEMBER_PW = #{todoMemberPw}
	</select>
	
	<!-- 회원의 할 일 목록 조회 -->
	<select id="selectTodoList" resultType="Todo">
		SELECT * 
		FROM TB_TODO
		WHERE TODO_MEMBER_NO = #{todoMemberNo}
		ORDER BY 1
	</select>
	
	<!-- 할 일 추가 -->
	<insert id="insertTodo" useGeneratedKeys="true">
		
		<selectKey order="BEFORE" keyProperty="todoNo" resultType="_int" >
			SELECT SEQ_TODO_NO.NEXTVAL FROM DUAL
		</selectKey>
		
		INSERT INTO TB_TODO
		VALUES(
			#{todoNo}, 
			#{todoTitle}, 
			DEFAULT, 
			#{todoMemberNo})
	</insert>
	
	
	<!-- 할 일 완료 여부 변경-->
	<update id="updateTodo">
		UPDATE TB_TODO SET
		TODO_COMPLETED = DECODE(TODO_COMPLETED, 'Y', 'N', 'Y')
		WHERE TODO_NO = #{todoNo}
	</update>
	
	
	<!-- 할 일 삭제 -->
	<delete id="deleteTodo">
		DELETE 
		FROM TB_TODO
		WHERE TODO_NO = #{todoNo}
	</delete>
	
	
</mapper>